player,team,games,mp,ws48,mpg
Mikal Bridges,NYK,82,3036,0.09,37.02439024390244
Josh Hart,NYK,77,2897,0.153,37.62337662337662
Anthony Edwards,MIN,79,2871,0.14,36.34177215189873
Devin Booker,PHO,75,2795,0.111,37.266666666666666
James Harden,LAC,79,2789,0.143,35.30379746835443
DeMar DeRozan,SAC,77,2768,0.123,35.94805194805195
Trae Young,ATL,76,2739,0.1,36.03947368421053
Tyler Herro,MIA,77,2725,0.131,35.38961038961039
OG Anunoby,NYK,74,2706,0.116,36.567567567567565
Jalen Green,HOU,82,2697,0.092,32.890243902439025
Christian Braun,DEN,79,2675,0.144,33.860759493670884
Bam Adebayo,MIA,78,2674,0.135,34.282051282051285
Ivica Zubac,LAC,80,2624,0.215,32.8
Jayson Tatum,BOS,72,2624,0.174,36.44444444444444
Jaden McDaniels,MIN,82,2614,0.115,31.878048780487806
Keegan Murray,SAC,76,2610,0.082,34.3421052631579
Zach LaVine,2TM,74,2602,0.094,35.16216216216216
Shai Gilgeous-Alexander,OKC,76,2598,0.309,34.18421052631579
Michael Porter Jr.,DEN,77,2593,0.118,33.675324675324674
Derrick White,BOS,76,2574,0.158,33.86842105263158
Dyson Daniels,ATL,76,2571,0.093,33.828947368421055
Nikola JokiÄ,DEN,70,2571,0.307,36.72857142857143
Austin Reaves,LAL,73,2550,0.144,34.93150684931507
Toumani Camara,POR,78,2548,0.097,32.666666666666664
Pascal Siakam,IND,78,2548,0.142,32.666666666666664
Brook Lopez,MIL,80,2546,0.124,31.825
Karl-Anthony Towns,NYK,72,2517,0.193,34.958333333333336
Bub Carrington,WAS,82,2458,0.005,29.975609756097562
Cade Cunningham,DET,70,2452,0.115,35.02857142857143
Tyrese Haliburton,IND,73,2451,0.204,33.57534246575342
Coby White,CHI,74,2450,0.088,33.108108108108105
LeBron James,LAL,70,2444,0.152,34.91428571428571
Domantas Sabonis,SAC,70,2429,0.199,34.7
Jamal Murray,DEN,67,2418,0.123,36.08955223880597
Alperen ÅengÃ¼n,HOU,76,2395,0.166,31.513157894736842
Dillon Brooks,HOU,75,2388,0.103,31.84
Rudy Gobert,MIN,72,2388,0.204,33.166666666666664
Tobias Harris,DET,73,2305,0.108,31.575342465753426
Darius Garland,CLE,75,2301,0.169,30.68
Jalen Brunson,NYK,65,2301,0.172,35.4
Jarrett Allen,CLE,82,2296,0.243,28.0
Chris Paul,SAS,82,2292,0.12,27.951219512195124
Anfernee Simons,POR,70,2292,0.087,32.74285714285714
Giannis Antetokounmpo,MIL,67,2289,0.241,34.16417910447761
Malik Beasley,DET,82,2283,0.1,27.841463414634145
Kentavious Caldwell-Pope,ORL,77,2279,0.096,29.5974025974026
Nikola VuÄeviÄ,CHI,73,2278,0.153,31.205479452054796
Payton Pritchard,BOS,80,2271,0.183,28.3875
Kevin Durant,PHO,62,2265,0.111,36.53225806451613
Shaedon Sharpe,POR,72,2252,0.064,31.27777777777778
Stephen Curry,GSW,70,2252,0.168,32.17142857142857
De'Aaron Fox,2TM,62,2241,0.093,36.145161290322584
Jalen Williams,OKC,69,2237,0.168,32.42028985507246
Donovan Mitchell,CLE,71,2232,0.163,31.43661971830986
Harrison Barnes,SAS,82,2230,0.12,27.195121951219512
Julius Randle,MIN,69,2226,0.134,32.26086956521739
Amen Thompson,HOU,69,2225,0.172,32.2463768115942
Jaren Jackson Jr.,MEM,74,2207,0.139,29.824324324324323
Desmond Bane,MEM,69,2205,0.142,31.956521739130434
Naz Reid,MIN,80,2200,0.125,27.5
Tyus Jones,PHO,81,2174,0.096,26.839506172839506
Myles Turner,IND,72,2174,0.104,30.194444444444443
Evan Mobley,CLE,71,2167,0.2,30.52112676056338
Taurean Prince,MIL,80,2166,0.077,27.075
Stephon Castle,SAS,81,2162,0.025,26.691358024691358
Deni Avdija,POR,72,2161,0.124,30.01388888888889
Jaylen Brown,BOS,63,2158,0.115,34.25396825396825
Tim Hardaway Jr.,DET,77,2153,0.077,27.961038961038962
Bennedict Mathurin,IND,72,2149,0.068,29.84722222222222
Spencer Dinwiddie,DAL,79,2136,0.082,27.037974683544302
Scottie Barnes,TOR,65,2134,0.078,32.83076923076923
Max Christie,2TM,78,2127,0.06,27.26923076923077
Josh Giddey,CHI,70,2117,0.121,30.242857142857144
Fred VanVleet,HOU,60,2111,0.119,35.18333333333333
Keyonte George,UTA,67,2109,0.024,31.47761194029851
Dennis SchrÃ¶der,3TM,75,2105,0.073,28.066666666666666
Damian Lillard,MIL,58,2093,0.175,36.08620689655172
Russell Westbrook,DEN,75,2092,0.045,27.893333333333334
Kelly Oubre Jr.,PHI,60,2078,0.061,34.63333333333333
Nickeil Alexander-Walker,MIN,82,2073,0.099,25.28048780487805
Luguentz Dort,OKC,71,2073,0.129,29.197183098591548
Onyeka Okongwu,ATL,74,2064,0.168,27.89189189189189
Malik Monk,SAC,65,2054,0.065,31.6
Jaylen Wells,MEM,79,2043,0.083,25.860759493670887
Jalen Duren,DET,78,2034,0.218,26.076923076923077
Jalen Wilson,BRK,79,2031,0.046,25.70886075949367
Miles Bridges,CHO,64,2029,0.075,31.703125
Davion Mitchell,2TM,74,2027,0.07,27.39189189189189
Franz Wagner,ORL,60,2023,0.133,33.71666666666667
Quentin Grimes,2TM,75,2013,0.081,26.84
Jordan Poole,WAS,68,2001,0.047,29.426470588235293
Draymond Green,GSW,68,1983,0.088,29.16176470588235
Devin Vassell,SAS,64,1983,0.054,30.984375
Klay Thompson,DAL,72,1965,0.045,27.291666666666668
Tyrese Maxey,PHI,52,1960,0.094,37.69230769230769
Norman Powell,LAC,60,1958,0.129,32.63333333333333
Yves Missi,NOP,73,1956,0.089,26.794520547945204
Keon Ellis,SAC,80,1948,0.122,24.35
Bilal Coulibaly,WAS,59,1948,0.008,33.016949152542374
Kyle Kuzma,2TM,65,1936,-0.024,29.784615384615385
Julian Champagnie,SAS,82,1932,0.062,23.5609756097561
Keon Johnson,BRK,79,1925,0.014,24.367088607594937
Naji Marshall,DAL,69,1919,0.087,27.81159420289855
Jrue Holiday,BOS,62,1896,0.13,30.580645161290324
Guerschon Yabusele,PHI,70,1895,0.099,27.071428571428573
Gary Trent Jr.,MIL,74,1893,0.084,25.58108108108108
Anthony Black,ORL,78,1887,0.061,24.192307692307693
Josh Green,CHO,68,1887,0.037,27.75
Nic Claxton,BRK,70,1882,0.11,26.885714285714286
Andrew Nembhard,IND,65,1881,0.071,28.93846153846154
Cason Wallace,OKC,68,1876,0.133,27.58823529411765
Derrick Jones Jr.,LAC,77,1873,0.12,24.324675324675326
Rui Hachimura,LAL,59,1869,0.11,31.677966101694917
RJ Barrett,TOR,58,1869,0.061,32.224137931034484
Buddy Hield,GSW,82,1863,0.073,22.71951219512195
Trey Murphy III,NOP,53,1854,0.091,34.9811320754717
Zaccharie Risacher,ATL,75,1843,0.046,24.573333333333334
Andrew Wiggins,2TM,60,1842,0.104,30.7
Isaiah Collier,UTA,71,1839,-0.021,25.901408450704224
Keldon Johnson,SAS,77,1838,0.083,23.87012987012987
Royce O'Neale,PHO,75,1837,0.073,24.493333333333332
P.J. Washington,DAL,57,1835,0.062,32.19298245614035
CJ McCollum,NOP,56,1832,0.038,32.714285714285715
Haywood Highsmith,MIA,74,1818,0.088,24.56756756756757
Dorian Finney-Smith,2TM,63,1818,0.078,28.857142857142858
Alex Sarr,WAS,67,1814,-0.007,27.074626865671643
Kyrie Irving,DAL,50,1804,0.124,36.08
Kyshawn George,WAS,68,1802,0.003,26.5
Cameron Johnson,BRK,57,1800,0.137,31.57894736842105
Duncan Robinson,MIA,74,1785,0.071,24.12162162162162
Kris Dunn,LAC,74,1783,0.108,24.094594594594593
Luka DonÄiÄ,2TM,50,1769,0.16,35.38
Scoot Henderson,POR,66,1759,0.049,26.651515151515152
Wendell Carter Jr.,ORL,68,1758,0.125,25.852941176470587
Collin Sexton,UTA,63,1758,0.066,27.904761904761905
Mike Conley,MIN,71,1756,0.142,24.732394366197184
Amir Coffey,LAC,72,1748,0.111,24.27777777777778
Jimmy Butler,2TM,55,1746,0.238,31.745454545454546
Aaron Wiggins,OKC,76,1744,0.148,22.94736842105263
Walker Kessler,UTA,58,1740,0.149,30.0
De'Andre Hunter,2TM,64,1740,0.122,27.1875
Ochai Agbaji,TOR,64,1739,0.087,27.171875
Brandin Podziemski,GSW,64,1716,0.117,26.8125
Jabari Smith Jr.,HOU,57,1716,0.117,30.105263157894736
Anthony Davis,2TM,51,1706,0.188,33.450980392156865
Bradley Beal,PHO,53,1702,0.068,32.113207547169814
Georges Niang,2TM,79,1697,0.081,21.481012658227847
Jakob Poeltl,TOR,57,1686,0.158,29.57894736842105
Scotty Pippen Jr.,MEM,79,1683,0.133,21.303797468354432
Kevin Huerter,2TM,69,1679,0.054,24.333333333333332
Santi Aldama,MEM,65,1660,0.144,25.53846153846154
A.J. Green,MIL,73,1659,0.082,22.726027397260275
Al Horford,BOS,60,1659,0.129,27.65
Terry Rozier,MIA,64,1658,0.029,25.90625
Peyton Watson,DEN,68,1656,0.073,24.352941176470587
Moses Moody,GSW,74,1649,0.102,22.283783783783782
Tristan Da Silva,ORL,74,1629,0.073,22.013513513513512
Donte DiVincenzo,MIN,62,1606,0.115,25.903225806451612
Isaiah Joe,OKC,74,1604,0.153,21.675675675675677
Corey Kispert,WAS,61,1602,0.032,26.262295081967213
Caris LeVert,2TM,64,1596,0.119,24.9375
Miles McBride,NYK,64,1593,0.098,24.890625
Isaiah Hartenstein,OKC,57,1590,0.205,27.894736842105264
Gradey Dick,TOR,54,1587,0.042,29.38888888888889
Paolo Banchero,ORL,46,1582,0.106,34.391304347826086
Patrick Williams,CHI,63,1576,0.012,25.015873015873016
Obi Toppin,IND,79,1545,0.135,19.556962025316455
Grayson Allen,PHO,64,1544,0.079,24.125
Sam Hauser,BOS,71,1541,0.136,21.704225352112676
Ziaire Williams,BRK,63,1541,0.065,24.46031746031746
Gabe Vincent,LAL,72,1527,0.039,21.208333333333332
Victor Wembanyama,SAS,46,1527,0.118,33.19565217391305
Jerami Grant,POR,47,1524,0.057,32.42553191489362
Jonas ValanÄiÅ«nas,2TM,81,1524,0.137,18.814814814814813
Kyle Filipowski,UTA,72,1522,0.078,21.13888888888889
Ja Morant,MEM,50,1519,0.112,30.38
Matas Buzelis,CHI,80,1511,0.06,18.8875
LaMelo Ball,CHO,47,1505,0.065,32.02127659574468
Dalton Knecht,LAL,78,1494,0.086,19.153846153846153
Kevin Porter Jr.,2TM,75,1482,0.072,19.76
D'Angelo Russell,2TM,58,1480,0.063,25.517241379310345
Lauri Markkanen,UTA,47,1476,0.07,31.404255319148938
Luke Kennard,MEM,65,1472,0.127,22.646153846153847
Jamal Shead,TOR,75,1467,0.027,19.56
Aaron Gordon,DEN,51,1447,0.143,28.372549019607842
Isaiah Stewart,DET,72,1434,0.144,19.916666666666668
Brice Sensabaugh,UTA,71,1432,0.042,20.169014084507044
Goga Bitadze,ORL,70,1430,0.195,20.428571428571427
Kel'el Ware,MIA,64,1422,0.14,22.21875
Tari Eason,HOU,57,1420,0.169,24.912280701754387
Zach Edey,MEM,66,1416,0.165,21.454545454545453
T.J. McConnell,IND,79,1415,0.109,17.911392405063292
Terance Mann,2TM,67,1414,0.101,21.104477611940297
Ryan Dunn,PHO,74,1410,0.034,19.054054054054053
Sam Merrill,CLE,71,1401,0.113,19.732394366197184
Ayo Dosunmu,CHI,46,1394,0.087,30.304347826086957
Ty Jerome,CLE,70,1392,0.204,19.885714285714286
Julian Strawther,DEN,65,1384,0.043,21.29230769230769
Nick Smith Jr.,CHO,60,1369,-0.019,22.816666666666666
Jaime Jaquez Jr.,MIA,66,1368,0.081,20.727272727272727
Nicolas Batum,LAC,78,1367,0.124,17.525641025641026
Jose Alvarado,NOP,56,1366,0.043,24.392857142857142
Jeremy Sochan,SAS,54,1364,0.096,25.25925925925926
Luke Kornet,BOS,73,1361,0.246,18.643835616438356
Trey Lyles,SAC,69,1349,0.091,19.55072463768116
Jake LaRavia,2TM,66,1349,0.104,20.439393939393938
Bogdan BogdanoviÄ,2TM,54,1348,0.069,24.962962962962962
Justin Champagnie,WAS,62,1340,0.1,21.612903225806452
Paul George,PHI,41,1334,0.036,32.53658536585366
Ausar Thompson,DET,59,1328,0.138,22.508474576271187
Donovan Clingan,POR,67,1324,0.144,19.761194029850746
Jordan Hawkins,NOP,56,1321,-0.02,23.589285714285715
Tyrese Martin,BRK,60,1315,0.033,21.916666666666668
Mason Plumlee,PHO,74,1300,0.136,17.56756756756757
Jonathan Mogbo,TOR,63,1286,0.071,20.41269841269841
Jalen Johnson,ATL,36,1284,0.089,35.666666666666664
Max Strus,CLE,50,1273,0.13,25.46
Johnny Juzang,UTA,64,1270,0.06,19.84375
Ron Holland,DET,81,1266,0.067,15.62962962962963
Javonte Green,2TM,68,1258,0.063,18.5
Nick Richards,2TM,57,1256,0.114,22.035087719298247
Dean Wade,CLE,59,1252,0.113,21.220338983050848
Ricky Council IV,PHI,73,1250,0.023,17.123287671232877
Tidjane SalaÃ¼n,CHO,60,1244,0.002,20.733333333333334
Bobby Portis,MIL,49,1244,0.106,25.387755102040817
Moussa DiabatÃ©,CHO,71,1241,0.125,17.47887323943662
Jeremiah Robinson-Earl,NOP,66,1239,0.067,18.772727272727273
Simone Fontecchio,DET,75,1237,0.063,16.493333333333332
Cole Anthony,ORL,67,1234,0.078,18.417910447761194
Ben Sheppard,IND,63,1228,0.081,19.49206349206349
Daniel Gafford,DAL,57,1226,0.232,21.50877192982456
John Collins,UTA,40,1220,0.098,30.5
Caleb Martin,2TM,45,1218,0.025,27.066666666666666
Kristaps PorziÅÄ£is,BOS,42,1210,0.212,28.80952380952381
Brandon Clarke,MEM,64,1207,0.174,18.859375
Deandre Ayton,POR,40,1206,0.113,30.15
Jarace Walker,IND,75,1187,0.065,15.826666666666666
Kawhi Leonard,LAC,37,1180,0.141,31.89189189189189
Clint Capela,ATL,55,1176,0.131,21.381818181818183
Cody Martin,2TM,53,1173,0.054,22.132075471698112
Mark Williams,CHO,44,1171,0.195,26.613636363636363
Precious Achiuwa,NYK,57,1170,0.095,20.526315789473685
Nikola JoviÄ,MIA,46,1156,0.104,25.130434782608695
Justin Edwards,PHI,44,1155,0.039,26.25
Vit Krejci,ATL,57,1153,0.11,20.228070175438596
Jonathan Kuminga,GSW,47,1144,0.08,24.340425531914892
Kevon Looney,GSW,76,1142,0.182,15.026315789473685
Kenrich Williams,OKC,69,1132,0.151,16.405797101449274
Julian Phillips,CHI,79,1123,0.08,14.215189873417721
Aaron Nesmith,IND,45,1123,0.126,24.955555555555556
Dalano Banton,POR,67,1120,0.033,16.71641791044776
Ben Simmons,2TM,51,1120,0.078,21.96078431372549
Ja'Kobe Walter,TOR,52,1103,0.052,21.21153846153846
Jaxson Hayes,LAL,56,1093,0.162,19.517857142857142
Cameron Payne,NYK,72,1090,0.099,15.13888888888889
Jonathan Isaac,ORL,71,1090,0.148,15.352112676056338
DaQuan Jeffries,CHO,47,1071,0.027,22.78723404255319
Jusuf NurkiÄ,2TM,51,1063,0.066,20.84313725490196
Seth Curry,CHO,68,1062,0.08,15.617647058823529
Cody Williams,UTA,50,1060,-0.053,21.2
Isaac Okoro,CLE,55,1053,0.115,19.145454545454545
Oso Ighodaro,PHO,61,1045,0.075,17.131147540983605
Jared Butler,2TM,60,1044,0.063,17.4
Jamison Battle,TOR,59,1042,0.079,17.661016949152543
Noah Clowney,BRK,46,1042,0.023,22.652173913043477
Alex Caruso,OKC,54,1041,0.18,19.27777777777778
Kris Murray,POR,69,1040,0.033,15.072463768115941
Dejounte Murray,NOP,31,1012,0.009,32.645161290322584
Jalen Suggs,ORL,35,1002,0.052,28.62857142857143
Kyle Anderson,2TM,61,1002,0.135,16.42622950819672
Brandon Boston Jr.,NOP,42,993,0.033,23.642857142857142
Dalen Terry,CHI,73,987,0.052,13.520547945205479
Andre Jackson Jr.,MIL,67,980,0.059,14.626865671641792
Zach Collins,2TM,64,977,0.132,15.265625
Trayce Jackson-Davis,GSW,62,967,0.167,15.596774193548388
Thomas Bryant,2TM,66,963,0.152,14.590909090909092
Jalen Smith,CHI,64,962,0.146,15.03125
Jordan Clarkson,UTA,37,962,0.021,26.0
Gary Payton II,GSW,62,927,0.155,14.951612903225806
Brandon Miller,CHO,27,924,0.023,34.22222222222222
Bruce Brown,2TM,41,922,0.035,22.48780487804878
Immanuel Quickley,TOR,33,918,0.128,27.818181818181817
Trendon Watford,BRK,44,913,0.038,20.75
KJ Martin,2TM,43,912,0.068,21.209302325581394
Jaden Hardy,DAL,57,907,-0.016,15.912280701754385
Day'Ron Sharpe,BRK,50,907,0.141,18.14
Adem Bona,PHI,58,905,0.121,15.60344827586207
Tre Jones,2TM,46,905,0.155,19.67391304347826
Jaden Ivey,DET,30,898,0.062,29.933333333333334
Kelly Olynyk,2TM,44,891,0.092,20.25
Chet Holmgren,OKC,32,877,0.173,27.40625
Neemias Queta,BOS,62,863,0.179,13.919354838709678
Alec Burks,MIA,49,863,0.1,17.612244897959183
Chris Boucher,TOR,50,862,0.148,17.24
Zion Williamson,NOP,30,857,0.141,28.566666666666666
Khris Middleton,2TM,37,843,0.116,22.783783783783782
KJ Simpson,CHO,36,842,-0.025,23.38888888888889
Shake Milton,2TM,57,837,0.077,14.68421052631579
Dereck Lively II,DAL,36,833,0.199,23.13888888888889
Garrison Mathews,ATL,47,830,0.087,17.659574468085108
Cam Whitmore,HOU,51,827,0.106,16.215686274509803
Ryan Rollins,MIL,56,820,0.101,14.642857142857142
Marcus Sasser,DET,57,811,0.108,14.228070175438596
Steven Adams,HOU,58,794,0.137,13.689655172413794
Aaron Holiday,HOU,62,792,0.122,12.774193548387096
Karlo MatkoviÄ,NOP,42,791,0.096,18.833333333333332
Caleb Houstan,ORL,58,788,0.109,13.586206896551724
Vasilije MiciÄ,2TM,41,785,-0.06,19.146341463414632
Jaylin Williams,OKC,47,784,0.199,16.680851063829788
Pelle Larsson,MIA,55,782,0.086,14.218181818181819
Cam Thomas,BRK,25,781,0.071,31.24
Lindy Waters III,2TM,52,778,0.062,14.961538461538462
Lonzo Ball,CHI,35,777,0.075,22.2
Orlando Robinson,2TM,44,770,0.072,17.5
Eric Gordon,PHI,39,768,0.053,19.692307692307693
Gui Santos,GSW,56,762,0.11,13.607142857142858
Landry Shamet,NYK,50,762,0.065,15.24
Svi Mykhailiuk,UTA,38,760,-0.009,20.0
Andre Drummond,PHI,40,751,0.078,18.775
Jabari Walker,POR,60,749,0.128,12.483333333333333
Jay Huff,MEM,64,748,0.162,11.6875
Drew Eubanks,2TM,61,746,0.107,12.229508196721312
Talen Horton-Tucker,CHI,58,724,0.075,12.482758620689655
Gary Harris,ORL,48,711,0.067,14.8125
Micah Potter,UTA,38,705,0.03,18.55263157894737
Jett Howard,ORL,60,701,0.01,11.683333333333334
DeAndre Jordan,DEN,56,691,0.127,12.339285714285714
Quinten Post,GSW,42,686,0.116,16.333333333333332
Blake Wesley,SAS,58,683,0.011,11.775862068965518
Sandro Mamukelashvili,SAS,61,681,0.152,11.163934426229508
Marcus Smart,2TM,34,680,0.051,20.0
Jalen Pickett,DEN,49,666,0.078,13.591836734693878
Tosan Evbuomwan,BRK,28,665,0.044,23.75
Antonio Reeves,NOP,44,660,0.029,15.0
Kyle Lowry,PHI,35,659,0.07,18.82857142857143
Reed Sheppard,HOU,52,654,0.055,12.576923076923077
Herbert Jones,NOP,20,648,0.033,32.4
AJ Johnson,2TM,29,639,-0.032,22.03448275862069
Maxi Kleber,DAL,34,637,0.023,18.735294117647058
Delon Wright,2TM,40,635,0.053,15.875
Jericho Sims,2TM,53,632,0.096,11.924528301886792
Josh Okogie,2TM,40,625,0.1,15.625
Jeff Dowtin Jr.,PHI,41,621,0.103,15.146341463414634
Daniel Theis,NOP,38,621,0.077,16.342105263157894
Cory Joseph,ORL,50,612,0.114,12.24
Zeke Nnaji,DEN,57,608,0.097,10.666666666666666
Kessler Edwards,DAL,40,608,0.096,15.2
Pat Connaughton,MIL,41,603,0.093,14.707317073170731
Ajay Mitchell,OKC,36,597,0.122,16.583333333333332
Brandon Ingram,NOP,18,595,0.001,33.05555555555556
Jared McCain,PHI,23,592,0.057,25.73913043478261
Cam Reddish,LAL,33,589,0.054,17.848484848484848
Jae'Sean Tate,HOU,52,588,0.133,11.307692307692308
Olivier-Maxence Prosper,DAL,52,584,0.072,11.23076923076923
Jarred Vanderbilt,LAL,36,581,0.114,16.13888888888889
Joel Embiid,PHI,19,574,0.118,30.210526315789473
Monte Morris,PHO,45,571,0.064,12.688888888888888
Moritz Wagner,ORL,30,564,0.174,18.8
Malcolm Brogdon,WAS,24,564,0.061,23.5
John Konchar,MEM,46,558,0.131,12.130434782608695
Dwight Powell,DAL,55,551,0.147,10.018181818181818
Dillon Jones,OKC,54,551,0.067,10.203703703703704
Jordan Goodwin,LAL,29,543,0.084,18.724137931034484
Richaun Holmes,WAS,31,534,0.178,17.225806451612904
Mouhamed Gueye,ATL,33,533,0.106,16.151515151515152
Bismack Biyombo,SAS,28,528,0.071,18.857142857142858
Jaylen Clark,MIN,40,522,0.147,13.05
Rob Dillingham,MIN,49,516,0.012,10.53061224489796
Colby Jones,2TM,39,515,0.053,13.205128205128204
Craig Porter Jr.,CLE,51,513,0.102,10.058823529411764
Tristan Vukcevic,WAS,35,513,0.069,14.657142857142857
Elfrid Payton,2TM,24,511,-0.057,21.291666666666668
Jamal Cain,NOP,37,502,0.036,13.567567567567568
Keaton Wallace,ATL,31,501,0.034,16.161290322580644
Jock Landale,HOU,42,500,0.159,11.904761904761905
Vince Williams Jr.,MEM,27,499,0.04,18.48148148148148
Wendell Moore Jr.,2TM,36,499,0.063,13.86111111111111
Brandon Williams,DAL,33,487,0.129,14.757575757575758
A.J. Lawson,TOR,26,486,0.081,18.692307692307693
Grant Williams,CHO,16,479,0.071,29.9375
Lonnie Walker IV,PHI,20,477,0.033,23.85
Duop Reath,POR,46,469,0.105,10.195652173913043
Reece Beekman,2TM,36,469,0.01,13.027777777777779
Kai Jones,2TM,40,468,0.216,11.7
Larry Nance Jr.,ATL,24,463,0.131,19.291666666666668
Collin Gillespie,PHO,33,461,0.131,13.969696969696969
Rayan Rupert,POR,52,460,0.007,8.846153846153847
GG Jackson II,MEM,29,459,0.009,15.827586206896552
Jaylon Tyson,CLE,47,453,0.083,9.638297872340425
Bol Bol,PHO,36,448,0.097,12.444444444444445
Paul Reed,DET,45,438,0.173,9.733333333333333
Colin Castleton,3TM,26,432,0.075,16.615384615384617
Trevelin Queen,ORL,31,430,0.074,13.870967741935484
Malaki Branham,SAS,47,427,0.007,9.085106382978724
Jordan Miller,LAC,37,420,0.049,11.35135135135135
Mo Bamba,2TM,32,413,0.117,12.90625
David Roddy,3TM,33,410,0.062,12.424242424242424
Taj Gibson,CHO,37,409,0.043,11.054054054054054
Ousmane Dieng,OKC,37,405,0.104,10.945945945945946
Jordan Walsh,BOS,52,403,0.044,7.75
Hunter Tyson,DEN,51,400,0.047,7.8431372549019605
Anthony Gill,WAS,51,397,0.058,7.784313725490196
Devin Carter,SAC,36,396,0.043,11.0
Jeff Green,HOU,32,396,0.159,12.375
Trey Jemison,2TM,38,392,0.037,10.31578947368421
Reggie Jackson,PHI,31,384,0.015,12.387096774193548
Baylor Scheierman,BOS,31,384,0.089,12.387096774193548
Quenton Jackson,IND,28,381,0.126,13.607142857142858
Alex Len,2TM,46,380,0.083,8.26086956521739
Johnny Furphy,IND,50,379,0.07,7.58
Charles Bassey,SAS,36,376,0.136,10.444444444444445
Dominick Barlow,ATL,35,375,0.131,10.714285714285714
Dante Exum,DAL,20,372,0.083,18.6
Damion Baugh,CHO,15,370,-0.069,24.666666666666668
Jaden Springer,2TM,43,365,0.07,8.488372093023257
Robert Williams,POR,20,351,0.175,17.55
Doug McDermott,SAC,42,342,0.061,8.142857142857142
Christian Koloko,LAL,37,342,0.13,9.243243243243244
Terrence Shannon Jr.,MIN,32,339,0.091,10.59375
Keion Brooks Jr.,NOP,14,332,0.057,23.714285714285715
Tristan Thompson,CLE,40,328,0.057,8.2
Maxwell Lewis,2TM,28,327,0.03,11.678571428571429
Jevon Carter,CHI,36,321,0.046,8.916666666666666
Patty Mills,2TM,29,321,0.017,11.068965517241379
Tre Mann,CHO,13,319,0.019,24.53846153846154
Jalen Hood-Schifino,2TM,15,315,-0.015,21.0
Torrey Craig,2TM,26,314,0.122,12.076923076923077
Jordan McLaughlin,2TM,46,314,0.098,6.826086956521739
Matisse Thybulle,POR,15,312,0.146,20.8
Isaac Jones,SAC,40,304,0.115,7.6
Tyler Kolek,NYK,41,296,0.058,7.219512195121951
Mitchell Robinson,NYK,17,290,0.221,17.058823529411764
Josh Minott,MIN,46,276,0.153,6.0
Kobe Brown,LAC,40,272,0.085,6.8
Dru Smith,MIA,14,268,0.118,19.142857142857142
Isaiah Wong,CHO,20,265,0.01,13.25
Marvin Bagley III,2TM,31,265,0.108,8.548387096774194
Oscar Tshiebwe,UTA,14,255,0.182,18.214285714285715
Drew Timme,BRK,9,254,0.009,28.22222222222222
Marcus Bagley,PHI,10,253,0.045,25.3
Cam Spencer,MEM,25,252,0.16,10.08
Kevin Love,MIA,23,251,0.083,10.91304347826087
Pat Spencer,GSW,39,250,0.055,6.410256410256411
JT Thor,2TM,20,249,0.033,12.45
Branden Carlson,OKC,32,246,0.177,7.6875
Dariq Whitehead,BRK,20,246,0.01,12.3
Johnny Davis,WAS,34,242,0.01,7.117647058823529
Jaylen Martin,2TM,16,239,-0.004,14.9375
Bones Hyland,2TM,24,239,0.095,9.958333333333334
Xavier Tillman Sr.,BOS,33,231,-0.057,7.0
Garrett Temple,TOR,28,227,0.033,8.107142857142858
Jared Rhoden,2TM,14,227,0.131,16.214285714285715
Luka Garza,MIN,39,219,0.144,5.615384615384615
Ariel Hukporti,NYK,25,217,0.02,8.68
Alex Reese,2TM,15,216,0.109,14.4
Dario Å ariÄ,DEN,16,210,0.001,13.125
Adam Flagler,OKC,37,203,-0.062,5.486486486486487
Chuma Okeke,2TM,9,196,0.145,21.77777777777778
Drew Peterson,BOS,25,186,0.115,7.44
Markelle Fultz,SAC,21,184,-0.026,8.761904761904763
Lester QuiÃ±ones,2TM,13,183,-0.025,14.076923076923077
Bronny James,LAL,27,181,-0.043,6.703703703703703
Enrique Freeman,IND,22,181,0.046,8.227272727272727
Cole Swider,2TM,10,169,-0.009,16.9
Jaylen Nowell,NOP,8,168,-0.069,21.0
Markieff Morris,2TM,15,165,-0.044,11.0
Killian Hayes,BRK,6,162,0.095,27.0
MarJon Beauchamp,3TM,35,156,0.02,4.457142857142857
Lamar Stevens,MEM,17,155,0.052,9.117647058823529
Tyson Etienne,BRK,7,151,-0.021,21.571428571428573
Josh Richardson,MIA,8,150,-0.021,18.75
Jeenathan Williams,HOU,20,147,-0.007,7.35
Bruno Fernando,TOR,17,147,0.085,8.647058823529411
Damion Lee,PHO,25,144,-0.031,5.76
Oshae Brissett,PHI,6,142,0.019,23.666666666666668
Elijah Harkless,UTA,10,138,0.023,13.8
Pete Nance,2TM,13,138,0.064,10.615384615384615
Vlatko ÄanÄar,DEN,13,136,-0.034,10.461538461538462
Kylor Kelley,2TM,11,126,0.102,11.454545454545455
Alex Ducas,OKC,21,125,0.125,5.9523809523809526
Spencer Jones,DEN,20,125,-0.031,6.25
Kobe Bufkin,ATL,10,124,0.018,12.4
Tyler Smith,MIL,23,122,0.083,5.304347826086956
De'Anthony Melton,GSW,6,121,0.076,20.166666666666668
Moses Brown,2TM,13,119,0.146,9.153846153846153
TyTy Washington Jr.,PHO,16,118,-0.065,7.375
Trey Alexander,DEN,24,117,-0.077,4.875
Joe Ingles,MIN,19,114,-0.035,6.0
Sidy Cissoko,2TM,22,114,-0.045,5.181818181818182
Tony Bradley,IND,14,113,0.187,8.071428571428571
Jaylen Sims,CHO,6,112,0.048,18.666666666666668
Pacome Dadiet,NYK,18,111,0.002,6.166666666666667
Patrick Baldwin Jr.,2TM,24,107,0.098,4.458333333333333
Chris Livingston,MIL,21,106,0.035,5.0476190476190474
Jae Crowder,SAC,9,103,0.026,11.444444444444445
Justin Minaya,POR,19,101,-0.007,5.315789473684211
Keshad Johnson,MIA,16,98,0.181,6.125
Yuki Kawamura,MEM,22,93,0.095,4.2272727272727275
JD Davison,BOS,16,93,-0.081,5.8125
Luke Travers,CLE,12,88,-0.082,7.333333333333333
Stanley Umude,MIL,22,86,-0.086,3.909090909090909
Kevin Knox,GSW,14,84,0.121,6.0
Isaiah Jackson,IND,5,84,0.153,16.8
Marcus Garrett,CHO,4,79,-0.002,19.75
Jacob Toppin,2TM,17,76,0.03,4.470588235294118
Emoni Bates,CLE,10,75,0.038,7.5
Taylor Hendricks,UTA,3,75,-0.008,25.0
Chris Duarte,CHI,17,74,0.171,4.352941176470588
Daeqwon Plowden,ATL,6,72,0.125,12.0
RayJ Dennis,IND,11,70,0.036,6.363636363636363
Josh Christopher,MIA,14,69,-0.073,4.928571428571429
Matt Ryan,NYK,19,68,-0.057,3.5789473684210527
Armel TraorÃ©,LAL,9,67,-0.092,7.444444444444445
PJ Hall,DEN,19,66,0.168,3.473684210526316
Nae'Qwan Tomlin,CLE,5,63,0.093,12.6
Jamaree Bouyea,MIL,5,62,0.007,12.4
Cam Christie,LAC,13,59,-0.005,4.538461538461538
P.J. Tucker,NYK,3,58,0.07,19.333333333333332
Jazian Gortman,DAL,16,57,-0.056,3.5625
Liam Robbins,MIL,13,57,-0.066,4.384615384615385
E.J. Liddell,CHI,12,53,0.108,4.416666666666667
Jackson Rowe,GSW,6,52,0.153,8.666666666666666
N'Faly Dante,HOU,4,51,0.283,12.75
Isaiah Crawford,SAC,15,46,0.037,3.066666666666667
Mason Jones,SAC,10,45,0.198,4.5
Phillip Wheeler,PHI,5,44,-0.283,8.8
Malachi Flynn,CHO,4,44,0.043,11.0
Jack McVeigh,HOU,9,43,-0.031,4.777777777777778
Bobi Klintman,DET,8,42,0.208,5.25
James Johnson,IND,12,37,-0.162,3.0833333333333335
PJ Dozier,MIN,9,35,0.107,3.888888888888889
Harrison Ingram,SAS,5,35,0.093,7.0
Miles Norris,BOS,3,35,0.049,11.666666666666666
David Duke Jr.,SAS,6,34,0.023,5.666666666666667
D.J. Carton,TOR,4,33,-0.199,8.25
Bryce McGowens,POR,13,32,-0.172,2.4615384615384617
Leonard Miller,MIN,13,32,0.145,2.4615384615384617
Ulrich Chomche,TOR,7,32,0.001,4.571428571428571
Jalen Bridges,PHO,8,30,-0.178,3.75
Jahmir Young,CHI,6,30,0.22,5.0
Kevin McCullar Jr.,NYK,4,29,0.06,7.25
Trentyn Flowers,LAC,6,27,-0.033,4.5
Emanuel Miller,CHI,6,25,0.201,4.166666666666667
Daniss Jenkins,DET,7,23,-0.15,3.2857142857142856
Anton Watson,NYK,9,22,-0.07,2.4444444444444446
Tolu Smith,DET,1,22,0.128,22.0
Malevy Leons,OKC,6,21,-0.052,3.5
Adama Sanogo,CHI,4,21,0.105,5.25
Taze Moore,POR,2,20,-0.15,10.0
Ron Harper Jr.,DET,1,17,-0.06,17.0
Isaiah Mobley,PHI,1,17,0.119,17.0
Yuri Collins,GSW,2,16,0.214,8.0
Tristen Newton,2TM,8,16,-0.33,2.0
Daishen Nix,MIN,3,13,-0.327,4.333333333333333
Skal LabissiÃ¨re,SAC,4,12,0.165,3.0
Braxton Key,GSW,3,11,-0.259,3.6666666666666665
Cui Yongxi,BRK,5,10,-0.473,2.0
Mac McClung,ORL,2,10,-0.047,5.0
Quincy Olivari,LAL,2,10,-0.3,5.0
Terence Davis,SAC,1,8,-0.191,8.0
Jalen McDaniels,WAS,4,7,0.114,1.75
Riley Minix,SAS,1,7,-0.114,7.0
Isaiah Stevens,MIA,3,6,-0.196,2.0
Terry Taylor,SAC,3,6,0.049,2.0
Jesse Edwards,MIN,2,5,0.111,2.5
James Wiseman,IND,1,5,0.237,5.0
Alondes Williams,DET,1,4,0.565,4.0
Zyon Pullin,MEM,3,3,-0.304,1.0
Jahlil Okafor,IND,1,3,0.196,3.0
